ID,first_name,last_name,player_id
1,Myles,Turner,1626167
2,Bobby,Portis,1626171
3,Kris,Dunn,1627739
4,Taurean,Prince,1627752
5,Derrick,Jones Jr.,1627884
6,Gary,Trent Jr.,1629018
7,Darius,Garland,1629636
8,Isaiah,Jackson,1630543
9,Jericho,Sims,1630579
10,TyTy,Washington Jr.,1631102
11,Ryan,Rollins,1631157
12,Ousmane,Dieng,1631172
13,Pete,Nance,1631250
14,AJ,Green,1631260
15,Andre,Jackson Jr.,1641748
16,Jordan,Miller,1641757
17,Cam,Christie,1642353
18,Kobe,Sanders,1642920
19,Sean,Pedulla,1642951
20,Brook,Lopez,201572
21,Nicolas,Batum,201587
22,Kawhi,Leonard,202695
23,Thanasis,Antetokounmpo,203648
24,Bogdan,Bogdanovic,203992
25,Robert,Williams III,1629057
26,Nic,Claxton,1629651
27,Matisse,Thybulle,1629680
28,Deni,Avdija,1630166
29,Vit,Krejci,1630249
30,Ziaire,Williams,1630533
31,Ochai,Agbaji,1630534
32,Jalen,Wilson,1630592
33,E.J.,Liddell,1630604
34,Tyson,Etienne,1630623
35,Scoot,Henderson,1630703
36,Shaedon,Sharpe,1631101
37,Blake,Wesley,1631104
38,Josh,Minott,1631169
39,Kris,Murray,1631200
40,Sidy,Cissoko,1631321
41,Toumani,Camara,1641739
42,Malachi,Smith,1641869
43,Donovan,Clingan,1642270
44,Nolan,Traore,1642849
45,Danny,Wolf,1642874
46,Ben,Saraf,1642879
47,Hansen,Yang,1642905
48,Chris,Youngblood,1642959
49,Chaney,Johnson,1643052
50,Jrue,Holiday,201950
51,Jerami,Grant,203924
52,Gary,Payton II,1627780
53,Marvin,Bagley III,1628963
54,De'Anthony,Melton,1629001
55,P.J.,Washington,1629023
56,Daniel,Gafford,1629655
57,Omer,Yurtseven,1630209
58,Naji,Marshall,1630230
59,Pat,Spencer,1630311
60,Moses,Moody,1630541
61,Gui,Santos,1630611
62,Max,Christie,1631108
63,Brandin,Podziemski,1641764
64,Tyler,Smith,1641890
65,AJ,Johnson,1642358
66,Quinten,Post,1642366
67,Malevy,Leons,1642502
68,Cooper,Flagg,1642843
69,Ryan,Nembhard,1642948
70,Will,Richard,1642954
71,John,Poulakidas,1642967
72,LJ,Cryer,1643018
73,Klay,Thompson,202691
74,Draymond,Green,203110
75,Khris,Middleton,203114
76,Dwight,Powell,203939
77,Kristaps,Porzingis,204001
78,Brandon,Ingram,1627742
79,Markelle,Fultz,1628365
80,Svi,Mykhailiuk,1629004
81,RJ,Barrett,1629628
82,John,Konchar,1629723
83,Scottie,Barnes,1630567
84,Sandro,Mamukelashvili,1630572
85,Kennedy,Chandler,1631113
86,Oscar,Tshiebwe,1631131
87,Trayce,Jackson-Davis,1631218
88,Gradey,Dick,1641711
89,Brice,Sensabaugh,1641729
90,Elijah,Harkless,1641989
91,Cody,Williams,1642262
92,Ja'Kobe,Walter,1642266
93,Isaiah,Collier,1642268
94,Kyle,Filipowski,1642271
95,Jamal,Shead,1642347
96,Jonathan,Mogbo,1642367
97,Jamison,Battle,1642419
98,Ace,Bailey,1642846
99,Collin,Murray-Boyles,1642867
100,Bez,Mbeng,1643016
101,Kevin,Love,201567
102,Garrett,Temple,202066
103,Guerschon,Yabusele,1627824
104,Dorian,Finney-Smith,1627827
105,Aaron,Holiday,1628988
106,Josh,Okogie,1629006
107,Collin,Sexton,1629012
108,Isaac,Okoro,1630171
109,Patrick,Williams,1630172
110,Jalen,Smith,1630188
111,Tre,Jones,1630200
112,Nick,Richards,1630208
113,Jae'Sean,Tate,1630256
114,Alperen,Sengun,1630578
115,Josh,Giddey,1630581
116,Jabari,Smith Jr.,1631095
117,Tari,Eason,1631106
118,Leonard,Miller,1631159
119,Amen,Thompson,1641708
120,Matas,Buzelis,1641824
121,Reed,Sheppard,1642263
122,Rob,Dillingham,1642265
123,Isaiah,Crawford,1642384
124,Lachlan,Olbrich,1642950
125,Kevin,Durant,201142
126,Jeff,Green,201145
127,Clint,Capela,203991
128,Buddy,Hield,1627741
129,Jock,Landale,1629111
130,Gabe,Vincent,1629216
131,Brandon,Clarke,1629634
132,Nickeil,Alexander-Walker,1629638
133,Ty,Jerome,1629660
134,Onyeka,Okongwu,1630168
135,Jonathan,Kuminga,1630228
136,Corey,Kispert,1630557
137,DeJon,Jarreau,1630610
138,Dyson,Daniels,1630700
139,Keaton,Wallace,1630811
140,Christian,Koloko,1631132
141,Tyler,Burton,1631174
142,Caleb,Houstan,1631216
143,Mouhamed,Gueye,1631243
144,Taylor,Hendricks,1641707
145,Rayan,Rupert,1641712
146,GG,Jackson,1641713
147,Olivier-Maxence,Prosper,1641765
148,Zaccharie,Risacher,1642258
149,Cam,Spencer,1642285
150,Jaylen,Wells,1642377
151,Walter,Clayton Jr.,1642383
152,Taj,Gibson,201959
153,CJ,McCollum,203468
154,Caris,LeVert,1627747
155,Luke,Kennard,1628379
156,Maxi,Kleber,1628467
157,Kevin,Huerter,1628989
158,Jarred,Vanderbilt,1629020
159,Deandre,Ayton,1629028
160,Luka,Doncic,1629029
161,Duncan,Robinson,1629130
162,Jaxson,Hayes,1629637
163,Javonte,Green,1629750
164,Paul,Reed,1630194
165,Austin,Reaves,1630559
166,Jalen,Duren,1631105
167,Drew,Timme,1631166
168,Jake,LaRavia,1631222
169,Ausar,Thompson,1641709
170,Kobe,Bufkin,1641723
171,Ronald,Holland II,1641842
172,Dalton,Knecht,1642261
173,Bronny,James,1642355
174,Chaz,Lanier,1642404
175,Tolu,Smith,1642449
176,Daniss,Jenkins,1642450
177,Adou,Thiero,1642876
178,Tobias,Harris,202699
179,LeBron,James,2544
180,Pascal,Siakam,1627783
181,Jevon,Carter,1628975
182,Wendell,Carter Jr.,1628976
183,Moritz,Wagner,1629021
184,Goga,Bitadze,1629048
185,Andrew,Nembhard,1629614
186,Obi,Toppin,1630167
187,Aaron,Nesmith,1630174
188,Desmond,Bane,1630217
189,Jay,Huff,1630643
190,Colin,Castleton,1630658
191,Micah,Potter,1630695
192,Paolo,Banchero,1631094
193,Quenton,Jackson,1631245
194,Jamal,Cain,1631288
195,Alex,Morales,1631457
196,Jarace,Walker,1641716
197,Jett,Howard,1641724
198,Kobe,Brown,1641738
199,Ben,Sheppard,1641767
200,Tristan,da Silva,1641783
201,Jase,Richardson,1642859
202,Noah,Penda,1642869
203,Kam,Jones,1642880
204,T.J.,McConnell,204456
205,Cameron,Payne,1626166
206,Alex,Caruso,1627936
207,Isaiah,Hartenstein,1628392
208,Shai,Gilgeous-Alexander,1628983
209,Kenrich,Williams,1629026
210,Luguentz,Dort,1629652
211,Isaiah,Joe,1630198
212,Trendon,Watford,1630570
213,Aaron,Wiggins,1630598
214,MarJon,Beauchamp,1630699
215,Chet,Holmgren,1631096
216,Jalen,Williams,1631114
217,Jaylin,Williams,1631119
218,Jabari,Walker,1631133
219,Dalen,Terry,1631207
220,Tyrese,Martin,1631213
221,Dominick,Barlow,1631230
222,Cason,Wallace,1641717
223,Adem,Bona,1641737
224,Jared,McCain,1642272
225,Justin,Edwards,1642348
226,Ajay,Mitchell,1642349
227,Branden,Carlson,1642382
228,VJ,Edgecombe,1642845
229,Brooks,Barnhizer,1642964
230,Kyle,Lowry,200768
231,Andre,Drummond,203083
232,Norman,Powell,1626181
233,De'Aaron,Fox,1628368
234,Bam,Adebayo,1628389
235,Luke,Kornet,1628436
236,Jordan,McLaughlin,1629162
237,Tyler,Herro,1629639
238,Keldon,Johnson,1629640
239,Devin,Vassell,1630170
240,Lindy,Waters III,1630322
241,Davion,Mitchell,1630558
242,Julian,Champagnie,1630577
243,Dru,Smith,1630696
244,Nikola,Jovic,1631107
245,Jaime,Jaquez Jr.,1631170
246,Simone,Fontecchio,1631323
247,Victor,Wembanyama,1641705
248,Pelle,Larsson,1641796
249,Myron,Gardner,1642066
250,Stephon,Castle,1642264
251,Kel'el,Ware,1642276
252,Keshad,Johnson,1642352
253,Dylan,Harper,1642844
254,Kasparas,Jakucionis,1642857
255,Carter,Bryant,1642868
256,Bismack,Biyombo,202687
257,Harrison,Barnes,203084
258,Kelly,Olynyk,203482
259,Mason,Plumlee,203486
260,Andrew,Wiggins,203952
261,Devin,Booker,1626164
262,Royce,O'Neale,1626220
263,Jakob,Poeltl,1627751
264,Immanuel,Quickley,1630193
265,Jalen,Green,1630224
266,Isaiah,Livers,1630587
267,Jordan,Goodwin,1630692
268,Jamaree,Bouyea,1631123
269,Collin,Gillespie,1631221
270,Oso,Ighodaro,1642345
271,Ryan,Dunn,1642346
272,Rasheer,Fleming,1642853
273,Khaman,Maluach,1642863
274,Koby,Brea,1642886
275,CJ,Huntley,1643047
276,Jaylen,Brown,1627759
277,Jayson,Tatum,1628369
278,Derrick,White,1628401
279,Donte,DiVincenzo,1628978
280,Charles,Bassey,1629646
281,Neemias,Queta,1629674
282,Naz,Reid,1629675
283,Jaden,McDaniels,1630183
284,Payton,Pritchard,1630202
285,Ayo,Dosunmu,1630245
286,Bones,Hyland,1630538
287,Terrence,Shannon Jr.,1630545
288,Luka,Garza,1630568
289,Sam,Hauser,1630573
290,Ron,Harper Jr.,1631199
291,Baylor,Scheierman,1631248
292,Jaylen,Clark,1641740
293,Julian,Phillips,1641763
294,Jordan,Walsh,1641775
295,Zyon,Pullin,1642389
296,Hugo,Gonzalez,1642864
297,Joan,Beringer,1642866
298,Amari,Williams,1642873
299,Max,Shulga,1642917
300,Mike,Conley,201144
301,Rudy,Gobert,203497
302,Kyle,Anderson,203937
303,Julius,Randle,203944
304,Joe,Ingles,204060
305,Karl-Anthony,Towns,1626157
306,OG,Anunoby,1628384
307,Josh,Hart,1628404
308,Mikal,Bridges,1628969
309,Jalen,Brunson,1628973
310,Mitchell,Robinson,1629011
311,Anthony,Gill,1630264
312,Sharife,Cooper,1630536
313,Justin,Champagnie,1630551
314,Ariel,Hukporti,1630574
315,Jose,Alvarado,1630631
316,Jaden,Hardy,1630702
317,Jeremy,Sochan,1631110
318,Bilal,Coulibaly,1641731
319,Tristan,Vukcevic,1641774
320,Leaky,Black,1641778
321,Dillon,Jones,1641794
322,Trey,Jemison III,1641998
323,Alex,Sarr,1642259
324,Bub,Carrington,1642267
325,Tyler,Kolek,1642278
326,Pacome,Dadiet,1642359
327,Jamir,Watkins,1642364
328,Tre,Johnson,1642848
329,Will,Riley,1642860
330,Mohamed,Diawara,1642885
331,Jordan,Clarkson,203903
332,Malik,Monk,1628370
333,Drew,Eubanks,1629234
334,Terance,Mann,1629611
335,Killian,Hayes,1630165
336,Precious,Achiuwa,1630173
337,Keegan,Murray,1631099
338,Patrick,Baldwin Jr.,1631116
339,Devin,Carter,1642269
340,Nique,Clifford,1642363
341,Maxime,Raynaud,1642875
342,Dylan,Cardwell,1642928
343,Drake,Powell,1642962
344,DeMar,DeRozan,201942
345,Doug,McDermott,203926
346,Tyus,Jones,1626145
347,Jamal,Murray,1627750
348,Bruce,Brown,1628971
349,Jalen,Pickett,1629618
350,Cameron,Johnson,1629661
351,Zeke,Nnaji,1630192
352,Julian,Strawther,1631124
353,Christian,Braun,1631128
354,Peyton,Watson,1631212
355,DaRon,Holmes II,1641747
356,Spencer,Jones,1642461
357,Jayson,Kent,1643257
358,Jonas,Valanciunas,202685
359,Damian,Lillard,203081
360,Tim,Hardaway Jr.,203501
361,Aaron,Gordon,203932
362,Nikola,Jokic,203999
363,Kyle,Kuzma,1628398
364,Cam,Thomas,1630560
365,Cormac,Ryan,1642504
366,Kelly,Oubre Jr.,1626162
367,Lauri,Markkanen,1628374
368,Jaren,Jackson Jr.,1628991
369,Quentin,Grimes,1629656
370,Tyrese,Maxey,1630178
371,Walker,Kessler,1631117
372,Keyonte,George,1641718
373,Johni,Broome,1641780
374,Blake,Hinson,1642396
375,Paul,George,202331
376,Joel,Embiid,203954
377,Jusuf,Nurkic,203994
378,John,Collins,1628381
379,Caleb,Martin,1628997
380,Nate,Williams,1631466
381,Pat,Connaughton,1626192
382,Miles,Bridges,1628970
383,Coby,White,1629632
384,Grant,Williams,1629684
385,LaMelo,Ball,1630163
386,Josh,Green,1630182
387,Xavier,Tillman,1630214
388,Tre,Mann,1630544
389,Moussa,Diabate,1631217
390,Brandon,Miller,1641706
391,Ryan,Kalkbrenner,1641750
392,Kon,Knueppel,1642851
393,Sion,James,1642883
394,Javon,Small,1642914
395,Rui,Hachimura,1629060
396,Jalen,Suggs,1630591
397,Marcus,Smart,203935
398,Kevon,Looney,1626172
399,Larry,Nance Jr.,1626204
400,Dejounte,Murray,1627749
401,Donovan,Mitchell,1628378
402,Thomas,Bryant,1628418
403,Max,Strus,1629622
404,Zion,Williamson,1629627
405,Jordan,Poole,1629673
406,Dean,Wade,1629731
407,Saddiq,Bey,1630180
408,Sam,Merrill,1630241
409,Herbert,Jones,1630529
410,Trey,Murphy III,1630530
411,Evan,Mobley,1630596
412,Keon,Ellis,1631165
413,Karlo,Matkovic,1631255
414,Jordan,Hawkins,1641722
415,Nae'Qwan,Tomlin,1641772
416,Yves,Missi,1642274
417,Riley,Minix,1642434
418,Jeremiah,Fears,1642847
419,Derik,Queen,1642852
420,Micah,Peavy,1642877
421,DeAndre,Jordan,201599
422,James,Harden,201935
423,Dennis,Schroder,203471
424,Trae,Young,1629027
425,Jalen,Johnson,1630552
426,Landry,Shamet,1629013
427,Daeqwon,Plowden,1631342
428,Russell,Westbrook,201566
429,Andersson,Garcia,1643158
430,Gary,Harris,203914
431,Jaylon,Tyson,1642281
432,Tristan,Enaruna,1642400
433,Norchad,Omier,1641807
434,Amir,Coffey,1629599
435,Marcus,Sasser,1631204
436,David,Roddy,1631223
437,Cedric,Coward,1642907
438,Yuki,Kawamura,1642530
439,Noah,Clowney,1641730
440,Payton,Sandfort,1642362
441,Ivica,Zubac,1627826
442,Jalen,Slawson,1641771
443,Taelon,Peter,1643007
444,Kevin,Porter Jr.,1629645
445,Haywood,Highsmith,1629312
446,Rocco,Zikarsky,1642911
447,Kevin,McCullar Jr.,1641755
448,Jahmir,Young,1642443
449,Vladislav,Goldin,1642884
450,Cade,Cunningham,1630595
451,Bennedict,Mathurin,1631097
452,Jahmai,Mashack,1642942
453,Brandon,Williams,1630314
454,Grayson,Allen,1628960
455,Asa,Newell,1642854
456,Julian,Reese,1642882
457,Al,Horford,201143
458,Olivier,Sarr,1630846
459,A.J.,Lawson,1630639
460,Alijah,Martin,1642918
461,Giannis,Antetokounmpo,203507
462,Anthony,Edwards,1630162
463,Trevor,Keels,1631211
464,John,Tonje,1642910
465,Harrison,Ingram,1631127
466,Tosan,Evbuomwan,1641787
467,RayJ,Dennis,1642484
468,Seth,Curry,203552
469,Tristen,Newton,1641803
470,Isaiah,Stewart,1630191
471,Bobi,Klintman,1641752
472,Isaac,Jones,1642403
473,Craig,Porter Jr.,1641854
474,Ethan,Thompson,1630679
475,Jonathan,Isaac,1628371
476,Mo,Bamba,1628964
477,Michael,Porter Jr.,1629008
478,Kyshawn,George,1642273
479,Day'Ron,Sharpe,1630549
480,Nikola,Topic,1642260
481,Tyrese,Haliburton,1630169
482,Caleb,Love,1631126
483,Johnny,Furphy,1642277
484,Isaiah,Stevens,1641815
485,Bryce,McGowens,1631121
486,Scotty,Pippen Jr.,1630590
487,Grant,Nelson,1641761
488,Anthony,Black,1641710
489,Chris,Manon,1643024
490,Moussa,Cisse,1630619
491,Nikola,Vucevic,202696
492,Mac,McClung,1630644
493,Yanic Konan,Niederhauser,1642949
494,Antonio,Reeves,1641810
495,Mark,Williams,1631109
496,Santi,Aldama,1630583
497,Tidjane,Salaun,1642275
498,Jarrett,Allen,1628386
499,Tyrese,Proctor,1642878
500,KJ,Simpson,1642354
501,Buddy,Boeheim,1631205
502,Dereck,Lively II,1641726
503,Thomas,Sorber,1642850
504,Miles,Kelly,1642939
505,Kyrie,Irving,202681
506,Javonte,Cooke,1631451
507,Darius,Brown,1642468
508,Dalano,Banton,1630625
509,Egor,Demin,1642856
510,JD,Davison,1631120
511,Alondes,Williams,1631214
512,Vince,Williams Jr.,1631246
513,PJ,Hall,1641790
514,Anfernee,Simons,1629014
515,Stanley,Umude,1630649
516,Dillon,Brooks,1628415
517,Enrique,Freeman,1642402
518,Kadary,Richmond,1642955
519,Lawson,Lovering,1643133
520,Jaden,Ivey,1631093
521,Domantas,Sabonis,1627734
522,De'Andre,Hunter,1629631
523,Kentavious,Caldwell-Pope,203484
524,Keshon,Gilbert,1642933
525,Franz,Wagner,1630532
526,Nick,Smith Jr.,1641733
527,Zach,LaVine,203897
528,Johnny,Juzang,1630548
529,Wendell,Moore Jr.,1631111
530,Skal,Labissiere,1627746
531,Cole,Anthony,1630175
532,Hunter,Tyson,1641816
533,Nigel,Hayes-Davis,1628502
534,Eric,Gordon,201569
535,Chris,Boucher,1628449
536,Terry,Rozier,1626179
537,Duop,Reath,1641871
538,Nikola,Äurisic,1642365
539,N'Faly,Dante,1642368
540,Malaki,Branham,1631103
541,Orlando,Robinson,1631115
542,David,Jones Garcia,1642357
543,Lonzo,Ball,1628366
544,D'Angelo,Russell,1626156
545,Emanuel,Miller,1641801
546,Stephen,Curry,201939
547,Jimmy,Butler III,202710
548,Georges,Niang,1627777
549,Dario,Saric,203967
550,Liam,McNeeley,1642862
551,Tony,Bradley,1628396
552,Miles,McBride,1630540
553,Jeremiah,Robinson-Earl,1630526
554,Curtis,Jones,1642938
555,Ja,Morant,1629630
556,Steven,Adams,203500
557,Trey,Alexander,1641725
558,Anthony,Davis,203076
559,Zach,Collins,1628380
560,Noa,Essengue,1642855
561,Malik,Williams,1642013
562,Garrison,Mathews,1629726
563,James,Wiseman,1630164
564,Hunter,Sallis,1642282
565,Zach,Edey,1641744
566,Luke,Travers,1631247
567,Cam,Whitmore,1641715
568,Mark,Sears,1641813
569,Gabe,McGlothan,1642440
570,Kyle,Mangas,1630667
571,Drew,Peterson,1641809
572,Chris,Livingston,1641753
573,Chucky,Hepburn,1642935
574,Trentyn,Flowers,1642280
575,Jahmyl,Telfort,1643141
576,Hunter,Dickinson,1630621
577,Chris,Paul,101108
578,Jacob,Toppin,1631210
579,Tamar,Bates,1642926
580,Jackson,Rowe,1642050
581,Monte,Morris,1628420
582,Cody,Martin,1628998
583,Colby,Jones,1641732
584,Bradley,Beal,203078
585,Fred,VanVleet,1627832
586,Kevon,Harris,1630284
587,Dante,Exum,203957
588,Jaden,Springer,1630531
589,Terence,Davis,1629056
590,Anton,Watson,1641817
591,R.J.,Davis,1642930
592,Jason,Preston,1630554
593,Nate,Hinton,1630207
594,Braxton,Key,1630296
595,Dain,Dainja,1643120
596,Moses,Brown,1629650
597,Kessler,Edwards,1630556
598,Zack,Austin,1643113
599,Matt,Ryan,1630346
600,Eric,Dixon,1642915
601,Alex,Len,203458
602,Alize,Johnson,1628993
603,Malcolm,Hill,1630792
604,Jules,Bernard,1631262
605,Saint,Thomas,1643148
606,Pedro,Bradshaw,1630817
607,Sean,East II,1642398
608,Eli John,Ndiaye,1642947
609,Lamont,Butler,1642966
610,Cameron,Matthews,1643069
611,Javonte,Smart,1630606
612,Phillip,Wheeler,1630762
613,Lester,Quinones,1631311
614,Reece,Beekman,1641736
615,Christian,Shumate,1643104
616,Dawson,Garcia,1630615
617,Charles,Bediako,1641777
618,Brice,Williams,1642924
619,Dennis,Smith Jr.,1628372
620,Augustas,Marciulionis,1643051
621,Kendall,Brown,1631112
622,Jared,Rhoden,1631197
623,Jalen,Bridges,1641779
624,Ulrich,Chomche,1642279
625,Charlie,Brown Jr.,1629718
626,Spencer,Dinwiddie,203915
627,Marques,Bolden,1629716
628,Taevion,Kinsey,1641795
629,Alex,Toohey,1642893
630,Jared,Butler,1630215
631,David,Duke Jr.,1630561
632,Damion,Baugh,1641878
633,Tyrese,Samuel,1642487
634,James,Akinjo,1631231
635,Max,Abmas,1630546
636,Cameron,McGriff,1630787
637,Malcolm,Brogdon,1627763
638,MJ,Walker,1630640
639,Gabe,Madsen,1643019
640,Deivon,Smith,1643090
641,Miller,Kopp,1642046
642,RJ,Luis Jr.,1642961
643,Mouhamadou,Gueye,1631338
644,Jalen,Crutcher,1630622
645,Zeng,Fanbo,1630855
646,Dariq,Whitehead,1641727
647,Jazian,Gortman,1641789
648,Adam,Flagler,1641745
649,Emoni,Bates,1641734
650,Ibou,Badji,1630641
651,Dexter,Dennis,1641926
652,Delon,Wright,1626153
653,Matthew,Cleveland,1642888
654,DJ,Rodman,1642485
655,Justin,Minaya,1631303
656,James,Johnson,201949
657,P.J.,Tucker,200782
658,Vlatko,Cancar,1628427
659,Torrey,Craig,1628470
660,Kevin,Knox II,1628995
661,Chuma,Okeke,1629643
662,Tristan,Thompson,202684
663,Ben,Simmons,1627732
664,Patty,Mills,201988
665,Malik,Beasley,1627736
666,Shake,Milton,1629003
667,Markieff,Morris,202693
668,Cory,Joseph,202709
669,Alec,Burks,202692
670,Lamar,Stevens,1630205
671,Trey,Lyles,1626168
672,Jae,Crowder,203109
673,Talen,Horton-Tucker,1629659
674,Kai,Jones,1630539
675,Kylor,Kelley,1630283
676,Keion,Brooks Jr.,1631232
677,Alex,Ducas,1642505
678,Elfrid,Payton,203901
679,Damion,Lee,1627814
680,Bol,Bol,1629626
681,DaQuan,Jeffries,1629610
682,Jaylen,Sims,1631301
683,Miles,Norris,1641936
684,Keon,Johnson,1630553
685,Maxwell,Lewis,1641721
686,Richaun,Holmes,1626158
687,Josh,Christopher,1630528
688,JT,Thor,1630550
689,Lonnie,Walker IV,1629022
690,Marcus,Bagley,1630542
691,Isaiah,Mobley,1630600
692,Jalen,Hood-Schifino,1641720
693,Ricky,Council IV,1641741
694,Jack,McVeigh,1629098
695,Kenyon,Martin Jr.,1630231
696,Trevelin,Queen,1630243
697,Jeff,Dowtin Jr.,1630288
698,Alex,Reese,1642024
699,Taran,Armstrong,1642379
700,Cole,Swider,1631306
701,Jaylen,Martin,1641798
702,Vasilije,Micic,203995
703,Mason,Jones,1630222
704,Jesse,Edwards,1642399
705,Terry,Taylor,1630678
706,Cam,Reddish,1629629
707,Oshae,Brissett,1629052
708,Marcus,Garrett,1630585
709,Brandon,Boston Jr.,1630527
710,Malachi,Flynn,1630201
711,Jalen,McDaniels,1629667
712,Yuri,Collins,1641879
713,Liam,Robbins,1641857
714,Johnny,Davis,1631098
715,Erik,Stevenson,1641907
716,Jahlil,Okafor,1626143
717,Daishen,Nix,1630227
718,Isaiah,Wong,1631209
719,Jaylen,Nowell,1629669
720,Christian,Wood,1626174
721,Armel,Traore,1642422
722,Josh,Richardson,1626196
723,Reggie,Jackson,202704
724,Daniel,Theis,1628464
725,Chris,Duarte,1630537
726,Taze,Moore,1631386
727,Quincy,Olivari,1642439
728,Eugene,Omoruyi,1630647
729,Bruno,Fernando,1628981
730,Adama,Sanogo,1641766
731,PJ,Dozier,1628408
732,Boo,Buie III,1642486
733,Cui,Yongxi,1642385
734,D.J.,Carton,1630618
735,Grayson,Murphy,1642438
736,DJ,Steward,1630569
737,Nassir,Little,1629642
738,Miye,Oni,1629671
739,Armando,Bacot,1630654
740,Maozinha,Pereira,1641970
741,Warren,Washington,1642514
742,Jahmi'us,Ramsey,1630186
743,Amari,Bailey,1641735
744,Jarrett,Culver,1629633
745,John,Butler Jr.,1631219
746,Taylor,Funk,1641917
747,T.J.,Warren,203933
748,Brodric,Thomas,1630271
749,Boogie,Ellis,1642407
750,Frank,Kaminsky,1626163
751,Jermaine,Samuels Jr.,1631257
752,Seth,Lundy,1641754
753,Cody,Zeller,203469
754,Keita,Bates-Diop,1628966
755,Anzejs,Pasecniks,1628394
756,Jamarion,Sharp,1642481
757,Harry,Giles III,1628385
758,Keyontae,Johnson,1641749
759,Kenneth,Lofton Jr.,1631254
760,Onuralp,Bitim,1641931
761,Dereon,Seabron,1631220
762,Javante,McCoy,1631322
763,Aaron,Estrada,1642401
764,Jordan,Tucker,1630733
765,Judah,Mintz,1641758
766,Max,Fiedler,1642499
767,Andrew,Funk,1641847
768,Will,Richardson,1642019
769,Justin,Lewis,1631171
770,Trhae,Mitchell,1630342
771,Josh,Oduro,1642490
772,Jay,Scrubb,1630206
773,Dmytro,Skapintsev,1631376
774,Nate,Darling,1630268
775,Mamadi,Diakite,1629603
776,Moses,Wood,1642473
777,Skylar,Mays,1630219
778,Devonte',Graham,1628984
779,Nathan,Mensah,1641877
780,Kira,Lewis Jr.,1630184
781,Zhaire,Smith,1629015
782,Jacob,Gilyard,1631367
783,Thon,Maker,1627748
784,Markquis,Nowell,1641806
785,Duane,Washington Jr.,1630613
786,Caleb,Daniels,1641915
787,Adonis,Arms,1631317
788,Alex,O'Connell,1631499
789,Jaylin,Williams,1642444
790,Justin,Holiday,203200
791,Gordon,Hayward,202330
792,Mike,Muscala,203488
793,Damian,Jones,1627745
794,Marcus,Morris Sr.,202694
795,Danilo,Gallinari,201568
796,Patrick,Beverley,201976
797,Thaddeus,Young,201152
798,Isaiah,Thomas,202738
799,Bojan,Bogdanovic,202711
800,Sasha,Vezenkov,1628426
801,JaVale,McGee,201580
802,Trent,Forrest,1630235
803,AJ,Griffin,1631100
804,Wesley,Matthews,202083
805,Usman,Garuba,1630586
806,Zavier,Simpson,1630285
807,Jack,White,1631298
808,Timmy,Allen,1641851
809,Saben,Lee,1630240
810,Ish,Wainright,1630688
811,Alex,Fudge,1641788
812,Troy,Brown Jr.,1628972
813,Chimezie,Metu,1629002
814,RaiQuan,Gray,1630564
815,Evan,Fournier,203095
816,Jerome,Robinson,1629010
817,Darius,Bazley,1629647
818,Luka,Samanic,1629677
819,Boban,Marjanovic,1626246
820,Xavier,Moon,1629875
821,Reggie,Bullock,203493
822,Aleksej,Pokusevski,1630197
823,Davis,Bertans,202722
824,Jordan,Nwora,1629670
825,Javon,Freeman-Liberty,1631241
826,Henri,Drell,1630929
827,Terquavion,Smith,1631173
828,Ashton,Hagans,1630204
829,Admiral,Schofield,1629678
830,Dylan,Windler,1629685
831,Udoka,Azubuike,1628962
832,Cedi,Osman,1626224
833,D.J.,Wilson,1628391
834,Robert,Covington,203496
835,Kobi,Simmons,1628424
836,Joshua,Primo,1630563
837,Jontay,Porter,1629007
838,Jaylin,Galloway,1641945
839,Jordan,Ford,1630259
840,Wenyen,Gabriel,1629117
841,R.J.,Hampton,1630181
842,Izaiah,Brockington,1631167
843,Yuta,Watanabe,1629139
844,Matthew,Hurt,1630562
845,Theo,Maledon,1630177
846,Justin,Jackson,1628382
847,Derrick,Rose,201565
848,Otto,Porter Jr.,203490
849,Justise,Winslow,1626159
850,Malcolm,Cazalon,1630608
851,Joe,Harris,203925
852,Furkan,Korkmaz,1627788
853,James,Bouknight,1630547
854,Ish,Smith,202397
855,Robin,Lopez,201577
856,Ryan,Arcidiacono,1627853
857,Frank,Ntilikina,1628373
858,Danuel,House Jr.,1627863
859,Juan,Toscano-Anderson,1629308
860,Hamidou,Diallo,1628977
861,Victor,Oladipo,203506
862,Greg,Brown III,1630535
863,D'Moi,Hodge,1641793
864,Lindell,Wigginton,1629623
865,Armoni,Brooks,1629717
866,Shaquille,Harrison,1627885
867,Filip,Petrusev,1630196
868,Sir'Jabari,Rice,1641811
869,Kaiser,Gates,1629232
870,Danny,Green,201980
871,Rudy,Gay,200752
872,Rodney,McGruder,203585
873,Cheick,Diallo,1627767
874,Trevor,Hudgins,1631309
875,David,Johnson,1630525
876,Devon,Dotson,1629653
877,Michael,Foster Jr.,1630701
878,Xavier,Cooks,1641645
879,Justin,Powell,1641920
880,Ricky,Rubio,201937
881,Montrezl,Harrell,1626149
882,Azuolas,Tubelis,1641773
883,Bryson,Williams,1631258
884,Bryce,Wills,1642113
885,Dane,Goodwin,1641863
886,Jake,Stephens,1641868
887,Carlik,Jones,1630637
888,Caleb,McConnell,1641799
889,RJ,Hunter,1626154
890,Edmond,Sumner,1628410
891,Matthew,Mayer,1630571
892,Darius,Days,1630620
893,Khem,Birch,203920
894,Isaiah,Roby,1629676
895,Nathan,Knight,1630233
896,Amida,Brimah,1628578
897,Jamorko,Pickett,1630691
898,Au'Diese,Toney,1631421
899,Makur,Maker,1630588
900,Omari,Moore,1641760
901,Tevian,Jones,1641856
902,George,Conditt IV,1642022
903,Kendric,Davis,1630660
904,Donovan,Williams,1631495
905,Javan,Johnson,1641881
906,Vincent,Valerio-Bodon,1641941
907,Mychal,Mulder,1628539
908,Romeo,Langford,1629641
909,Michael,Devoe,1631238
910,Keshawn,Justice,1641864
911,Landers,Nolley II,1641805
912,Armaan,Franklin,1641848
913,Souley,Boum,1641859
914,Max,Heidegger,1641972
915,Chance,Comanche,1628435
916,Deonte,Burton,1629126
917,Joey,Hauser,1641792
918,Nick,Ongenda,1641861
919,Jeremy,Lamb,203087
920,Joe,Wieskamp,1630580
921,Mike,Miles Jr.,1641756
922,Jordan,Walker,1641948
923,Udonis,Haslem,2617
924,Blake,Griffin,201933
925,Dewayne,Dedmon,203473
926,Anthony,Lamb,1630237
927,JaMychal,Green,203210
928,Terrence,Ross,203082
929,Goran,Dragic,201609
930,Meyers,Leonard,203086
931,Raul,Neto,203526
932,Austin,Rivers,203085
933,Marko,Simonovic,1630250
934,Willy,Hernangomez,1626195
935,Will,Barton,203115
936,Theo,Pinson,1629033
937,McKinley,Wright IV,1630593
938,Gorgui,Dieng,203476
939,Mfiondu,Kabengele,1629662
940,Louis,King,1629663
941,Michael,Carter-Williams,203487
942,Gabe,York,1628221
943,George,Hill,201588
944,Willie,Cauley-Stein,1626161
945,Kendrick,Nunn,1629134
946,Isaiah,Todd,1630225
947,D.J.,Augustin,201571
948,Davon,Reed,1628432
949,Xavier,Sneed,1630270
950,Matthew,Dellavedova,203521
951,Jarrell,Brantley,1629714
952,Nerlens,Noel,203457
953,Andre,Iguodala,2738
954,Frank,Jackson,1628402
955,Juancho,Hernangomez,1627823
956,Vernon,Carey Jr.,1630176
957,Leandro,Bolmaro,1630195
958,Chris,Silva,1629735
959,Stanley,Johnson,1626169
960,Bryn,Forbes,1627854
961,KZ,Okpala,1629644
962,Derrick,Favors,202324
963,Sterling,Brown,1628425
964,John,Wall,202322
965,Serge,Ibaka,201586
966,Kemba,Walker,202689
967,Noah,Vonleh,203943
968,Chima,Moneke,1631320
969,Tyler,Dorsey,1628416
970,Facundo,Campazzo,1630267
971,Jordan,Hall,1631160
972,Kostas,Antetokounmpo,1628961
973,Jordan,Schakel,1630648
974,Feron,Hunt,1630624
975,Chasson,Randle,1626184
976,Grant,Golden,1631371
977,Nate,Pierre-Louis,1630321
978,Chris,Chiozza,1629185
979,CJ,Elleby,1629604
980,Eric,Paschall,1629672
981,Kelan,Martin,1629103
982,Zylan,Cheatham,1629597
983,Jake,Layman,1627774
984,Josh,Jackson,1628367
985,Marial,Shayok,1629621
986,Gabe,Brown,1631122
987,Craig,Sword,1628591
988,Jalen,Harris,1630223
989,Deividas,Sirvydis,1629686
990,Langston,Galloway,204038
991,Simisola,Shittu,1629679
992,Devin,Cannady,1629962
993,RJ,Nembhard Jr.,1630612
994,Marquese,Chriss,1627737
995,David,Nwaba,1628021
996,Adam,Mokoka,1629690
997,Trey,Burke,203504
998,Killian,Tillie,1629681
999,EJ,Onu,1630601
1000,Romeo,Weems,1630651
1001,Malik,Fitts,1630238
1002,Quinn,Cook,1626188
1003,Timothe,Luwawu-Cabarrot,1627789
1004,Kent,Bazemore,203145
1005,Luca,Vildoza,1630492
1006,LiAngelo,Ball,1629071
1007,Anthony,Duruji,1631347
1008,Quinndary,Weatherspoon,1629683
1009,Isaiah,Miller,1630627
1010,Abdul,Gaddy,203583
1011,Sean,McDermott,1630253
1012,Drake,Jeffries,1631300
1013,Kellan,Grady,1631242
1014,Maurice,Harkless,203090
1015,Dwayne,Bacon,1628407
1016,LJ,Figueroa,1630835
1017,John,Petty Jr.,1630566
1018,Tommy,Kuhse,1631339
1019,Malik,Ellison,1630707
1020,Tyler,Hall,1629788
1021,DJ,Stewart,1630597
1022,Aleem,Ford,1630758
1023,Marcus,Bingham Jr.,1631234
1024,Justin,Bean,1631368
1025,Robert,Woodard II,1630218
1026,Isaiah,Whaley,1631348
1027,Wes,Iwundu,1628411
1028,Devontae,Cacok,1629719
1029,Juwan,Morgan,1629752
1030,Lucas,Williamson,1631351
1031,Sacha,Killeya-Jones,1630248
1032,Trevion,Williams,1630652
1033,Nemanja,Bjelica,202357
1034,Nik,Stauskas,203917
1035,Rayjon,Tucker,1629730
1036,Paul,Millsap,200794
1037,Greg,Monroe,202328
1038,Hassan,Whiteside,202355
1039,Tony,Snell,203503
1040,Isaac,Bonga,1629067
1041,DeMarcus,Cousins,202326
1042,Matt,Thomas,1629744
1043,LaMarcus,Aldridge,200746
1044,Rodney,Hood,203918
1045,Rajon,Rondo,200765
1046,Ed,Davis,202334
1047,Moses,Wright,1630589
1048,Markus,Howard,1630210
1049,Wayne,Ellington,201961
1050,Avery,Bradley,202340
1051,Dwight,Howard,2730
1052,Melvin,Frazier Jr.,1628982
1053,Jaylen,Hoard,1629658
1054,Georgios,Kalaitzakis,1630686
1055,Gary,Clark,1629109
1056,Jared,Harper,1629607
1057,Gabriel,Lundberg,1630994
1058,Reggie,Perry,1629617
1059,Didi,Louzada,1629712
1060,Keljin,Blevins,1629833
1061,Elijah,Hughes,1630190
1062,Ben,McLemore,203463
1063,Tyler,Cook,1629076
1064,Yves,Pons,1630582
1065,Ignas,Brazdeikis,1629649
1066,Carsen,Edwards,1629035
1067,Lance,Stephenson,202362
1068,Arnoldas,Kulboka,1629083
1069,Cassius,Winston,1630216
1070,Tomas,Satoransky,203107
1071,Brandon,Goodwin,1629164
1072,Scottie,Lewis,1630575
1073,Carmelo,Anthony,2546
1074,Trevor,Ariza,2772
1075,Lou,Williams,101150
1076,Justin,Anderson,1626147
1077,Keifer,Sykes,1626208
1078,Brandon,Knight,202688
1079,Tyrone,Wallace,1627820
1080,Semi,Ojeleye,1628400
1081,Kyle,Guy,1629657
1082,DeAndre',Bembry,1627761
1083,Tim,Frazier,204025
1084,Eric,Bledsoe,202339
1085,Chris,Smith,1630607
1086,Alfonzo,McKinnie,1628035
1087,Kevin,Pangos,1630698
1088,Joel,Ayayi,1630555
1089,Myles,Powell,1629619
1090,Paul,Watson,1628778
1091,Enes,Freedom,202683
1092,Cassius,Stanley,1630199
1093,Dakota,Mathias,1629751
1094,James,Ennis III,203516
1095,Denzel,Valentine,1627756
1096,Norvel,Pelle,203658
1097,Tyler,Johnson,204020
1098,E'Twaun,Moore,202734
1099,Jon,Teske,1630257
1100,Aaron,Henry,1630565
1101,Jaylen,Morris,1628537
1102,Freddie,Gillespie,1630273
1103,Ahmad,Caver,1629958
1104,Jordan,Bell,1628395
1105,Paris,Bass,1628238
1106,Justin,Robinson,1629620
1107,Jabari,Parker,203953
1108,Petr,Cornelie,1627822
1109,Chris,Clemons,1629598
1110,Chaundee,Brown,1630602
1111,Hassani,Gravett,1629755
1112,Jaime,Echenique,1630693
1113,Justin,James,1629713
1114,Damyean,Dotson,1628422
1115,Mario,Chalmers,201596
1116,Cameron,Oliver,1628419
1117,Chandler,Hutchison,1628990
1118,Emanuel,Terry,1629150
1119,Rob,Edwards,1630306
1120,Gabriel,Deck,1630466
1121,Scotty,Hopson,203816
1122,Al-Farouq,Aminu,202329
1123,Malik,Newman,1629005
1124,Tacko,Fall,1629605
1125,Aric,Holman,1629689
1126,Matt,Mooney,1629760
1127,Daniel,Oturu,1630187
1128,Derrick,Walton Jr.,1628476
1129,Trayvon,Palmer,1629309
1130,Jaysean,Paige,1629873
1131,Tremont,Waters,1629682
1132,Javin,DeLaurier,1629602
1133,Jarron,Cumberland,1629600
1134,Tyrell,Terry,1630179
1135,Cat,Barber,1627760
1136,Justin,Tillman,1629460
1137,George,King,1628994
1138,Joe,Johnson,2207
1139,Brad,Wanamaker,202954
1140,Jemerrio,Jones,1629203
1141,Shaq,Buchanan,1629783
1142,Darren,Collison,201954
1143,Tre,Scott,1630286
1144,Ersan,Ilyasova,101141
1145,Emmanuel,Mudiay,1626144
1146,Wayne,Selden,1627782
1147,BJ,Johnson,1629168
1148,Ade,Murkey,1630278
1149,CJ,Miles,101139
1150,JaQuori,McLaughlin,1630605
1151,Abdel,Nader,1627846
1152,Solomon,Hill,203524
1153,Sekou,Doumbouya,1629635
1154,Sam,Dekker,1626155
1155,Daulton,Hommes,1629756
1156,Patrick,Patterson,202335
1157,Aamir,Simms,1630603
1158,Devontae,Shuler,1630675
1159,Grant,Riller,1630203
1160,Mitch,Ballock,1630642
1161,Giorgi,Bezhanishvili,1630793
1162,Tarik,Black,204028
1163,Brian,Bowen II,1628968
1164,Matt,Lewis,1630665
1165,Johnny,Hamilton,1629148
1166,Ibi,Watson,1630801
1167,Elijah,Bryant,1629091
1168,Derrick,Alston Jr.,1630247
1169,MaCio,Teague,1630617
1170,Jared,Cunningham,203099
1171,Matt,Coleman III,1630645
1172,James,Banks III,1630791
1173,Jordan,Bowden,1630275
1174,Brandon,Rachal,1630672
1175,Tyler,Bey,1630189
1176,Johnny,O'Bryant III,203948
1177,Jeremiah,Tilmon,1630777
1178,Khyri,Thomas,1629017
1179,Axel,Toupane,1626253
1180,Ty-Shon,Alexander,1630234
1181,Jeff,Teague,201952
1182,Yogi,Ferrell,1627812
1183,Anthony,Tolliver,201229
1184,Mike,Scott,203118
1185,Mike,James,1628455
1186,Nicolo,Melli,1629740
1187,Jared,Dudley,201162
1188,Marc,Gasol,201188
1189,Rondae,Hollis-Jefferson,1626178
1190,T.J.,Leaf,1628388
1191,Alen,Smailagic,1629346
1192,Nico,Mannion,1630185
1193,JaKarr,Sampson,203960
1194,Cristiano,Felicio,1626245
1195,James,Nunnally,203263
1196,Josh,Hall,1630221
1197,Cam,Reynolds,1629244
1198,Jeremiah,Martin,1629725
1199,Anderson,Varejao,2760
1200,Sindarius,Thornwell,1628414
1201,Donta,Hall,1629743
1202,Aron,Baynes,203382
1203,JJ,Redick,200755
1204,Rodions,Kurucs,1629066
1205,Robert,Franks,1629606
1206,Karim,Mane,1630211
1207,Darius,Miller,203121
1208,Patrick,McCaw,1627775
1209,Greg,Whittington,204222
1210,Will,Magnay,1630266
1211,Justin,Patton,1628383
1212,Terrance,Ferguson,1628390
1213,Vincent,Poirier,1629738
1214,Jalen,Lecque,1629665
1215,Henry,Ellenson,1627740
1216,Iman,Shumpert,202697
1217,Andre,Roberson,203460
1218,Glenn,Robinson III,203922
1219,Jaylen,Adams,1629121
1220,Ray,Spalding,1629034
1221,Frank,Mason III,1628412
1222,Jordan,Bone,1629648
1223,Bruno,Caboclo,203998
1224,Omari,Spellman,1629016
